044651862X ,51D1CpfhqaL._SL160_.jpg,The Celestine Prophecy,James Redfield,$3.79 - $42.22
067179437X ,51iMttzc7GL._SL160_.jpg,How I Raised Myself from Failure to Success in Selling,Frank Bettger,$3.79 - $31.92
0981989713 ,51bqXhFK2TL._SL160_.jpg,Free Money,Kevin Trudeau,$3.79 - $14.39
0385517254 ,51T+Y7NoXcL._SL160_.jpg,The Fifth Discipline: The Art & Practice of The Learning Organization,Peter M. Senge,$3.79 - $29.10
0553213695 ,51tdRAgrW9L._SL160_.jpg,Die Verwandlung,Franz Kafka,$3.79 - $50.81
0688039693 ,51Q-tRVLm3L._SL160_.jpg,Leadership and the One Minute Manager: Increasing Effectiveness Through Situational Leadership,Kenneth H. Blanchard,$3.79 - $1000.00
0787984922 ,51qv+NdmuRL._SL160_.jpg,The Leadership Challenge,Barry Z. Posner,$3.79 - $4.59
067162248X ,416+j70DDLL._SL160_.jpg,People Skills: How to Assert Yourself, Listen to Others, and Resolve Conflicts,Robert   Bolton,$3.79 - $15.09
0345480155 ,5153BkI6arL._SL160_.jpg,Into the Storm,Suzanne Brockmann,$3.79 - $29.39
1885167237 ,41YP47WXDRL._SL160_.jpg,Inside the Magic Kingdom : Seven Keys to Disney's Success,Tom Connellan,$3.79 - $17.62
0446380636 ,21cUUI4EMWL._SL160_.jpg,How to Master the Art of Selling,Tom Hopkins,$3.79 - $32.06
0446394599 ,51YCcocfs0L._SL160_.jpg,Lincoln on Leadership: Executive Strategies for Tough Times,Donald T. Phillips,$3.79 - $14.30
1592402860 ,51jhFCO1wzL._SL160_.jpg,How Starbucks Saved My Life: A Son of Privilege Learns to Live Like Everyone Else,Michael Gates Gill,$3.79 - $14.32
0399594493 ,51otmKylr6L._SL160_.jpg,Trump: The Art of the Deal,Donald J. Trump,$3.79 - $25.26
1567319157 ,41NaQhcuRkL._SL160_.jpg,Og Mandino's Great Trilogy: The Greatest Salesman in the World / the Greatest Secret in the World / the Greatest Miracle in the World,Og Mandino,$4.32 - $29.02
0673381862 ,41P-Cg5vrZL._SL160_.jpg,Style: Ten Lessons in Clarity and Grace,Joseph M. Williams,$3.79 - $45.15
1119239281 ,51zWLqoNkcL._SL160_.jpg,Stock Investing For Dummies (For Dummies (Business & Personal Finance)),Paul Mladjenovic,$4.19 - $38.71
0201550873 ,410LyWAvvwL._SL160_.jpg,On Becoming A Leader,Warren G. Bennis,$3.79 - $4.19
1400064287 ,41hMTwhl6IL._SL160_.jpg,Made to Stick: Why Some Ideas Survive and Others Die,Chip Heath,$3.79 - $25.45
1118273052 ,51uzWzvZskL._SL160_.jpg,Market Wizards: Interviews with Top Traders,Jack D. Schwager,$3.79 - $36.68
1585425524 ,51NbewRyO9L._SL160_.jpg,The Now Habit: A Strategic Program for Overcoming Procrastination and Enjoying Guilt-Free Play,Neil A. Fiore,$3.79 - $14.38
0767903277 ,51aMTi6wXbL._SL160_.jpg,The Informant,Kurt Eichenwald,$3.79 - $16.16
0393048136 ,41LK640p4FL._SL160_.jpg,The New New Thing: A Silicon Valley Story,Michael   Lewis,$3.79 - $15.08
0446693510 ,51ZhnA6jgDL._SL160_.jpg,Missed Fortune 101: A Starter Kit to Becoming a Millionaire,Douglas R. Andrew,$3.79 - $18.55
0714843377 ,41PKj+kB6BL._SL160_.jpg,It's Not How Good You Are, It's How Good You Want To Be,Paul Arden,$3.79 - $11.95