1582701709 ,51A+qi-XyfL._SL160_.jpg,The Secret,Rhonda Byrne,$3.79 - $119.74
0399584161 ,511yGPlN2DL._SL160_.jpg,Eat Right 4 Your Type,Catherine Whitney,$3.79 - $24.12
1433679590 ,41wMLZxQmtL._SL160_.jpg,The Love Dare,Alex Kendrick,$3.79 - $21.44
0910034796 ,51yIcT83H+L._SL160_.jpg,Courage to Change: One Day at a Time in Al-Anon II,Al-Anon Family Groups,$4.98 - $5.18
1579542417 ,513BJ8VBTKL._SL160_.jpg,Dr. Shapiro's Picture Perfect Weight Loss: The Visual Program for Permanent Weight Loss,Howard M. Shapiro,$3.79 - $4.19
097559950X ,51TDZEWNOEL._SL160_.jpg,Natural Cures They Don't Want You To Know About,Kevin Trudeau,$3.79 - $4.59
1435145461 ,41V5VDBX7NL._SL160_.jpg,Gray's Anatomy,Henry Gray,$3.79 - $58.69
067162248X ,416+j70DDLL._SL160_.jpg,People Skills: How to Assert Yourself, Listen to Others, and Resolve Conflicts,Robert   Bolton,$3.79 - $15.09
0060746378 ,41AyhH3XGkL._SL160_.jpg,Mayo Clinic Guide to a Healthy Pregnancy,Mayo Clinic,$3.81 - $36.74
0525947698 ,518IpjwAhcL._SL160_.jpg,The Privilege of Youth: A Teenager's Story,Dave Pelzer,$3.79 - $13.56
0525244743 ,51T5fAJG5vL._SL160_.jpg,When Rabbit Howls,Truddi Chase,$3.79 - $8.79
0425173291 ,51xcCUGc2sL._SL160_.jpg,Cook Right 4 Your Type: The Practical Kitchen Companion to Eat Right 4 Your Type,Peter J. D'Adamo,$3.79 - $22.58
0439087597 ,51HtLd-e-KL._SL160_.jpg,The Last Book in the Universe,Rodman Philbrick,$3.79 - $81.39
1594481954 ,41PQEqZ8baL._SL160_.jpg,My Friend Leonard,James Frey,$3.79 - $25.63
0345536932 ,51EkK4HOn1L._SL160_.jpg,Full Catastrophe Living: Using the Wisdom of Your Body and Mind to Face Stress, Pain, and Illness,Jon Kabat-Zinn,$3.79 - $45.41
0060165979 ,41oQVAk783L._SL160_.jpg,Care of the Soul: A Guide for Cultivating Depth and Sacredness in Everyday Life,Thomas  Moore,$3.79 - $15.20
0684869837 ,41Dvey-onAL._SL160_.jpg,Don't Give It Away! : A Workbook of Self-Awareness and Self-Affirmations for Young Women,Iyanla Vanzant,$3.79 - $14.30
0762431067 ,51JwJipIhnL._SL160_.jpg,Skinny Bitch in the Kitch: Kick-Ass Solutions for Hungry Girls Who Want to Stop Eating Crap (and Start Looking Hot!),Rory Freedman,$3.79 - $13.57
0393351491 ,51gHlHu8biL._SL160_.jpg,The Blind Watchmaker: Why the Evidence of Evolution Reveals a Universe Without Design,Richard Dawkins,$3.79 - $16.78
0544837398 ,41964p0t-zL._SL160_.jpg,Autobiography of a Face,Lucy Grealy,$3.79 - $816.23
091516695X ,51s9Oodk21L._SL160_.jpg,Rebuilding: When Your Relationship Ends (Rebuilding Books; For Divorce and Beyond),Bruce Fisher,$3.79 - $36.06
0517708612 ,51XTK4B3SZL._SL160_.jpg,Suzanne Somers' Eat Great, Lose Weight,Suzanne Somers,$3.81 - $16.15
0936070463 ,51UrjNDiENL._SL160_.jpg,Stretching,Bob Anderson,$3.79 - $17.72
0425183092 ,51GLDWs5DFL._SL160_.jpg,Diet Sehat Golongan Darah O,Peter J. D'Adamo,$3.79 - $7.99
1592402860 ,51jhFCO1wzL._SL160_.jpg,How Starbucks Saved My Life: A Son of Privilege Learns to Live Like Everyone Else,Michael Gates Gill,$3.79 - $14.32