0060850523 ,41le8ej-fiL._SL160_.jpg,Brave New World,Aldous Huxley,$3.79 - $71.79
0451524934 ,31twj9hz1kL._SL160_.jpg,Nineteen Eighty-Four,George Orwell,$3.79 - $41.69
0060883286 ,513GEHVNTBL._SL160_.jpg,One Hundred Years of Solitude,Gabriel GarcÃ­a MÃ¡rquez,$3.79 - $37.27
0553593714 ,51aeUv8h6CL._SL160_.jpg,A Game of Thrones,Jorge Candeias,$3.79 - $61.17
0684801221 ,411pakPjvdL._SL160_.jpg,The Old Man and the Sea,Ernest Hemingway,$3.79 - $21.85
0440412676 ,51QWK0WB8KL._SL160_.jpg,Where the Red Fern Grows,Wilson Rawls,$3.79 - $23.80
0061537969 ,414ef2JUxvL._SL160_.jpg,The Art of Racing in the Rain,Garth Stein,$3.79 - $51.31
1423103343 ,51M7jQ4ETqL._SL160_.jpg,The Sea of Monsters,Rick Riordan,$3.79 - $58.06
0449213943 ,41NKABNB9GL._SL160_.jpg,Im Westen nichts Neues,Kenneth W. Fitch,$3.79 - $38.67
0553418351 ,41ePAI+zsmL._SL160_.jpg,Gone Girl,Gillian Flynn,$3.79 - $45.32
0590982079 ,51tE2zQ7DnL._SL160_.jpg,Roll of Thunder, Hear My Cry,Mildred D. Taylor,$3.79 - $105.77
0062073486 ,51o0UB-9YwL._SL160_.jpg,And Then There Were None,Ø¢Ú¯Ø§ØªØ§ ÙƒØ±ÛŒØ³ØªÛŒ,$3.79 - $28.57
0312427735 ,41HHxQGKa3L._SL160_.jpg,Middlesex,Jeffrey Eugenides,$3.79 - $49.13
0312936222 ,51OF6Y4P9wL._SL160_.jpg,Ten Big Ones,Janet Evanovich,$3.79 - $8.79
1455536504 ,5160FGjFR1L._SL160_.jpg,The Reversal,Michael Connelly,$3.79 - $53.99
0345527704 ,51+8E9NP8ML._SL160_.jpg,Smokin' Seventeen,Janet Evanovich,$3.79 - $24.18
0441010512 ,51CMqkkx8gL._SL160_.jpg,Club Dead,Charlaine Harris,$3.79 - $16.33
0062024035 ,51MyTJ6IWPL._SL160_.jpg,Divergent,Veronica Roth,$3.79 - $23.08
0452281431 ,41yxyeLwxBL._SL160_.jpg,Beauty's Punishment,Anne Rice,$3.79 - $14.32
0446618896 ,51GiVdPl7wL._SL160_.jpg,School's Out Forever,James Patterson,$3.79 - $9.60
0380010038 ,51J4F2A925L._SL160_.jpg,The Cay,Theodore Taylor,$3.79 - $21.51
0345497627 ,31gkWKp3B2L._SL160_.jpg,The Keepsake,Tess Gerritsen,$3.79 - $9.59
0671011367 ,21ilBrhG-zL._SL160_.jpg,DÃ©jÃ  Dead,Kathy Reichs,$3.79 - $26.19
0553375407 ,51c9PkFculL._SL160_.jpg,Ishmael: An Adventure of the Mind and Spirit,Daniel Quinn,$3.79 - $25.86
0345535154 ,51L-VdMPhhL._SL160_.jpg,Deal Breaker,Harlan Coben,$3.79 - $19.01