0440246083 ,514LBWH13-L._SL160_.jpg,Back Spin,Harlan Coben,$3.79 - $64.70
0064401758 ,51-OCvN3whL._SL160_.jpg,In the Year of The Boar and Jackie Robinson,Bette Bao Lord,$3.79 - $15.86
0689818513 ,2194l6jQaoL._SL160_.jpg,Forged by Fire (Hazelwood High, #2),Sharon M. Draper,$3.79 - $20.95
0307279189 ,5117MxRQidL._SL160_.jpg,Born to Run: A Hidden Tribe, Superathletes, and the Greatest Race the World Has Never Seen,Christopher McDougall,$3.79 - $67.15
0803730411 ,51xLpMdP9hL._SL160_.jpg,Snowmen at Night,Caralyn Buehner,$3.79 - $28.57
038000321X ,51vU+Y6dzLL._SL160_.jpg,Alive: The Story of the Andes Survivors,Piers Paul Read,$3.79 - $33.65
0936070463 ,51UrjNDiENL._SL160_.jpg,Stretching,Bob Anderson,$3.79 - $17.72
1626361584 ,31psDAd7++L._SL160_.jpg,U.S. Army Survival Manual,Peter T Underwood,$3.81 - $12.09
156512605X ,51MSDpQjeLL._SL160_.jpg,Last Child in the Woods: Saving Our Children from Nature-Deficit Disorder,Richard Louv,$3.79 - $14.98
0743436539 ,41H0M9V26ZL._SL160_.jpg,The Virginian: A Horseman of the Plains,Owen Wister,$3.79 - $53.38
0879234490 ,612ZsZMNKYL._SL160_.jpg,The American Boy's Handy Book: What to Do and How to Do It (Nonpareil Book, 29),Daniel Carter Beard,$3.79 - $35.53
0679456589 ,51YPZMWlhNL._SL160_.jpg,The Man Who Listens to Horses,Monty Roberts,$3.79 - $15.21
0142002836 ,51S5lyDodgL._SL160_.jpg,The Last American Man,Elizabeth Gilbert,$3.79 - $14.33
0684857219 ,61AJB7D89FL._SL160_.jpg,The New Encyclopedia of Modern Bodybuilding : The Bible of Bodybuilding, Fully Updated and Revised,Arnold Schwarzenegger,$9.04 - $27.85
0425228975 ,5101y4tFVTL._SL160_.jpg,Silks,Dick Francis,$3.79 - $5.95
1423649125 ,516aouQB2bL._SL160_.jpg,My First Summer in the Sierra,John Muir,$3.79 - $44.09
0375802916 ,51YdtC-pIcL._SL160_.jpg,Junie B. Jones Is Captain Field Day,Barbara Park,$3.79 - $14.25
0812976088 ,61aoP5377IL._SL160_.jpg,The End of Nature,Bill McKibben,$3.79 - $14.33
0394800362 ,511QWcGmCUL._SL160_.jpg,The Bike Lesson,Stan Berenstain,$3.79 - $416.77
4805311983 ,41wzdwwxXJL._SL160_.jpg,Hagakure: The Book of the Samurai,Yamamoto Tsunetomo,$3.79 - $20.08
0142418447 ,51aXwoiyVlL._SL160_.jpg,Shoot-Out,Mike Lupica,$3.79 - $26.43
0060954787 ,51+Z43LAqsL._SL160_.jpg,Creating a Charmed Life: Sensible, Spiritual Secrets Every Busy Woman Should Know,Victoria Moran,$3.79 - $15.52
0060555971 ,41V-rrOLBYL._SL160_.jpg,I Never Had It Made: An Autobiography of Jackie Robinson,Jackie Robinson,$3.79 - $1000.00
0743255690 ,51XX3A8DWHL._SL160_.jpg,The Soul of a Butterfly: Reflections on Life's Journey,Hana Yasmeen Ali,$3.79
1592574203 ,51qHo96BqAL._SL160_.jpg,The Complete Idiot's Guide to T'Ai Chi and Qigong: Illustrated with DVD (Complete Idiot's Guides (Lifestyle Paperback)),Bill Douglas,$3.79 - $21.73