1250051126 ,31rbngk8r6L._SL160_.jpg,Full Bloom,Janet Evanovich,$3.79 - $4.99
0767903862 ,51uCBWKPQdL._SL160_.jpg,Down Under,Bill Bryson,$3.79 - $23.77
0307279189 ,5117MxRQidL._SL160_.jpg,Born to Run: A Hidden Tribe, Superathletes, and the Greatest Race the World Has Never Seen,Christopher McDougall,$3.79 - $67.15
0812043634 ,516Zqn1YsqL._SL160_.jpg,501 French Verbs: Fully Conjugated in All the Tenses in a New Easy-To-Learn Format Alphabetically Arranged,Christopher Kendris,$3.79 - $17.02
038000321X ,51vU+Y6dzLL._SL160_.jpg,Alive: The Story of the Andes Survivors,Piers Paul Read,$3.79 - $33.65
1592402860 ,51jhFCO1wzL._SL160_.jpg,How Starbucks Saved My Life: A Son of Privilege Learns to Live Like Everyone Else,Michael Gates Gill,$3.79 - $14.32
0156899825 ,5167oEu0bQL._SL160_.jpg,This House of Sky: Landscapes of a Western Mind,Ivan Doig,$3.79 - $13.50
0061930067 ,51y1IyILlqL._SL160_.jpg,Little Princes: One Man's Promise to Bring Home the Lost Children of Nepal,Conor Grennan,$3.79 - $13.53
0312965664 ,516J8TuyMkL._SL160_.jpg,Agatha Raisin and the Terrible Tourist,M.C. Beaton,$3.79 - $15.87
0618446877 ,51ifr63152L._SL160_.jpg,Dark Star Safari,Paul Theroux,$3.79 - $15.19
0876043759 ,415JlgtRaCL._SL160_.jpg,There Is a River: The Story of Edgar Cayce,Thomas Joseph Sugrue,$3.79 - $44.01
014056649X ,51j0qXRKKdL._SL160_.jpg,Madeline in London,Ludwig Bemelmans,$3.79 - $1000.00
1423649125 ,516aouQB2bL._SL160_.jpg,My First Summer in the Sierra,John Muir,$3.79 - $44.09
0064460991 ,31fWTzSBnWL._SL160_.jpg,Geography from A to Z: A Picture Glossary (Trophy Picture Books),Jack Knowlton,$3.79 - $28.77
0805065415 ,51b0a1jhKFL._SL160_.jpg,Blue Latitudes: Boldly Going Where Captain Cook Has Gone Before,Tony Horwitz,$3.79 - $18.42
1426216513 ,51zjMNhDCeL._SL160_.jpg,National Geographic Guide to the National Parks of the United States,Phil Schermeister,$3.79 - $10.06
0312429835 ,51UNoydPYVL._SL160_.jpg,No Impact Man: The Adventures of a Guilty Liberal Who Attempts to Save the Planet, and the Discoveries He Makes About Himself and Our Way of Life in the Process,Colin Beavan,$3.79 - $14.33
0802860613 ,41h1yfpSX4L._SL160_.jpg,Lilith: A Romance,George MacDonald,$3.79 - $44.29
1400064678 ,61azZ0iWdBL._SL160_.jpg,China Road: A Journey into the Future of a Rising Power,Simon Vance,$3.79 - $13.92
1562614053 ,51Z36SsqyDL._SL160_.jpg,The 100 Best Small Art Towns in America: Discover Creative Communities, Fresh Air, and Affordable Living,John Villani,$3.79 - $4.19
0743499344 ,51MTT03X7DL._SL160_.jpg,Long Way Round: Chasing Shadows Across the World,Ewan McGregor,$3.79 - $15.20
0804104549 ,51MTI5LyIGL._SL160_.jpg,Riding the Iron Rooster,Paul Theroux,$3.79 - $15.26
0142400459 ,51H4uBFGbQL._SL160_.jpg,The Not-So-Jolly Roger,Lane Smith,$3.79 - $15.53
0449703398 ,513D2YH9GBL._SL160_.jpg,Reluctant God,Pamela F. Service,$3.79 - $14.73
0470039205 ,51hax8mzWmL._SL160_.jpg,The Travels of a T-Shirt in the Global Economy: An Economist Examines the Markets, Power, and Politics of World Trade,Pietra Rivoli,$3.79 - $17.62